iter	Accuracy	MultiClass
0	0.4966374914	1.083390464
1	0.4965335704	1.06935321
2	0.4958746668	1.056505241
3	0.4954114444	1.04459628
4	0.4959675324	1.033326043
5	0.4957010966	1.022876079
6	0.4959752712	1.01321915
7	0.4962306516	1.004128635
8	0.4960592925	0.9959200673
9	0.4959841156	0.9883489606
10	0.4959343661	0.9812740034
11	0.4961024086	0.9745082499
12	0.4961178862	0.9682874181
13	0.4963467336	0.9624415183
14	0.4962936676	0.9571151995
15	0.496316884	0.9520677946
16	0.4962162796	0.947412518
17	0.496331256	0.9429574762
18	0.4968950829	0.9387039831
19	0.4973538832	0.9348512752
20	0.4980227366	0.9311640601
21	0.4983964101	0.9276641591
22	0.4989602369	0.9245157517
23	0.4991271739	0.9216007363
24	0.4992344116	0.9188926337
25	0.4991459681	0.9163341341
26	0.4993051663	0.9140048958
27	0.499528486	0.911734965
28	0.500263672	0.9095703981
29	0.5005555353	0.9075644126
30	0.500882776	0.9056693162
31	0.5010287076	0.9039232106
32	0.5011503173	0.9023262668
33	0.5015262019	0.9006933192
34	0.5017384661	0.8992149004
35	0.5020104297	0.89795944
36	0.5022237995	0.8966047932
37	0.5024316415	0.8954136777
38	0.5023973697	0.8943062634
39	0.502740088	0.8931538958
40	0.5028395868	0.892070724
41	0.5032475322	0.8911252136
42	0.503359192	0.8902539726
43	0.5036046225	0.8893674156
44	0.503642211	0.8884484463
45	0.5037328655	0.8877116172
46	0.5041098556	0.8870922433
47	0.5042325708	0.8864823147
48	0.5043353863	0.8859103726
49	0.5046471494	0.8854583099
50	0.5047510704	0.8849261611
51	0.5049268518	0.8844337279
52	0.5050550947	0.884102048
53	0.5051280606	0.8836262238
54	0.50537128	0.883125171
55	0.5054442458	0.882673039
56	0.5056907819	0.8822764764
57	0.5060633498	0.8818765495
58	0.5062192314	0.8814331018
59	0.5062512921	0.8811026213
60	0.5065066725	0.880726887
61	0.506752103	0.8803935116
62	0.5069477841	0.8801258466
63	0.5071478874	0.8798283618
64	0.5072363308	0.8795429654
65	0.5074143232	0.8792252383
66	0.5075558327	0.879041177
67	0.5077647803	0.8787344117
68	0.5079748334	0.8785033041
69	0.5081937309	0.8782797579
70	0.5084668	0.8781022251
71	0.5085099162	0.8779128402
72	0.5087210749	0.8776406841
73	0.5090527377	0.8775211012
74	0.5092152525	0.8773623105
75	0.5093556565	0.8772269564
76	0.5094562609	0.8770367696
77	0.5094927438	0.8767504539
78	0.5096519419	0.8766414896
79	0.5096740528	0.8765641358
80	0.5098244066	0.8764214075
81	0.5098487286	0.8762197708
82	0.5101295365	0.8760872529
83	0.5102986845	0.8760085216
84	0.5104921545	0.8759271468
85	0.5105551705	0.8758142793
86	0.5106203975	0.8757177615
87	0.5107563793	0.8755343662
88	0.5108448227	0.8753854306
89	0.5109597991	0.8753126214
90	0.5110405038	0.8751991346
91	0.5110769867	0.8750426761
92	0.5111930687	0.874894223
93	0.511317995	0.8747837285
94	0.5114263382	0.874700698
95	0.5115777976	0.8746196223
96	0.511782323	0.874548992
97	0.5118519722	0.8744847013
98	0.5118751886	0.8743790503
99	0.5119713709	0.874256417
100	0.5122831339	0.8741176173
101	0.5124345933	0.8740495355
102	0.5125606252	0.8739427859
103	0.5126800238	0.873835513
104	0.5127131901	0.8737824119
105	0.5127872615	0.8736938448
106	0.5128104779	0.8736091207
107	0.5129630428	0.8735314657
108	0.5131178188	0.8733784164
109	0.5132162121	0.8733126902
110	0.5132759114	0.8732464784
111	0.5133731992	0.8731629814
112	0.5134019433	0.8731201516
113	0.5133743048	0.8730241507
114	0.513509181	0.8729466214
115	0.5135688803	0.8728651346
116	0.5136960177	0.8727721809
117	0.513717023	0.8727195351
118	0.5137988332	0.87266383
119	0.5139381316	0.8726020277
120	0.5140464748	0.8725516618
121	0.5141128074	0.8724910864
122	0.5141890898	0.8724226935
123	0.5142598446	0.8723349164
124	0.5143250716	0.8722509953
125	0.5144234649	0.8722120907
126	0.5144975363	0.872157026
127	0.5145793465	0.8720831164
128	0.5146876897	0.8720339508
129	0.5146998506	0.8719820692
130	0.514786083	0.8719315226
131	0.5148590488	0.8718844555
132	0.5148734209	0.8718509733
133	0.5149364368	0.8718264492
134	0.5150878962	0.8717567501
135	0.5151520177	0.8716602522
136	0.5151708119	0.8715673918
137	0.5152161392	0.8715196643
138	0.5153078992	0.8714517105
139	0.5153078992	0.8714111483
140	0.5153587542	0.8713746405
141	0.5153886038	0.8713382477
142	0.5154405644	0.8712969647
143	0.5154759417	0.8712543455
144	0.5155898126	0.8712235822
145	0.5156484064	0.8711536851
146	0.5156627785	0.8711212014
147	0.5156848893	0.8710807989
148	0.5157445886	0.8710256367
149	0.515806499	0.8709644413
150	0.5158916258	0.8709351156
151	0.51601213	0.8708955001
152	0.5161492173	0.8708592033
153	0.5162840936	0.8707694744
154	0.5163471095	0.8707247528
155	0.5163327374	0.8706936698
156	0.5163891201	0.8706554398
157	0.5163935423	0.8706224028
158	0.5165339462	0.8705675711
159	0.5165560571	0.8705261833
160	0.5167019888	0.8704959462
161	0.5167462105	0.870468186
162	0.5167572659	0.8704281356
163	0.5168258096	0.8703640692
164	0.516902092	0.870332056
165	0.5169617913	0.8702825215
166	0.5169883244	0.8702475347
167	0.5171110396	0.8702170276
168	0.5171541558	0.8701676391
169	0.5172061163	0.870123477
170	0.5172868209	0.8700869561
171	0.5172879265	0.8700652303
172	0.517378581	0.8700313167
173	0.5174272249	0.8700073003
174	0.5175189849	0.8699827549
175	0.5175366736	0.8699535108
176	0.5175422013	0.8699211802
177	0.5175565734	0.8698935905
178	0.5176781831	0.8698616424
179	0.5177909485	0.8698327778
180	0.5178473312	0.8697973856
181	0.5179313524	0.8697711833
182	0.5179844185	0.8697217688
183	0.5180684397	0.8696840729
184	0.5180573843	0.8696436739
185	0.5180927617	0.8696134957
186	0.5182409044	0.8695773464
187	0.5182663319	0.8695518046
188	0.5182773873	0.8695217105
189	0.518268543	0.8694275579
190	0.5182674375	0.8693781612
191	0.5183404033	0.8693428841
192	0.5183625141	0.8693144752
193	0.518500707	0.8692800109
194	0.5185880449	0.8692605501
195	0.5186466387	0.8692186719
196	0.5187439264	0.8691868999
197	0.5188069424	0.869160246
198	0.5188644306	0.8691385394
199	0.5189241299	0.8691083222
200	0.5189053357	0.8690793378
201	0.5189683516	0.8690476399
202	0.5190778004	0.8689727855
203	0.5191065445	0.8689408485
204	0.5191496607	0.8689102624
205	0.519119811	0.8688831849
206	0.5192137821	0.8688515918
207	0.5192955923	0.8688296794
208	0.5193121755	0.8688017102
209	0.5193718748	0.8687856492
210	0.5193619249	0.8687586107
211	0.5193829302	0.8687044144
212	0.5193453417	0.8686591629
213	0.5194238353	0.8686329855
214	0.5194525794	0.8686015755
215	0.519518912	0.8685802547
216	0.5195155953	0.8685609796
217	0.5195775057	0.8685293529
218	0.5196250441	0.8685016695
219	0.51968806	0.8684710007
220	0.5196714769	0.8684374117
221	0.5197179097	0.868385152
222	0.5197422316	0.8683568217
223	0.5197930866	0.8683320954
224	0.5198406249	0.8683091098
225	0.5199191185	0.8682850532
226	0.519971079	0.8682758138
227	0.5200153007	0.8682468823
228	0.5200396227	0.8682284516
229	0.5200517836	0.8682016001
230	0.5200628391	0.8681793226
231	0.5201125885	0.8681566187
232	0.5201678656	0.8681305897
233	0.5201623379	0.8681056257
234	0.5202364093	0.8680762066
235	0.5202507813	0.8680410878
236	0.5202673645	0.8680151329
237	0.5203171139	0.8679766675
238	0.5203779188	0.8679307009
239	0.520486262	0.867913567
240	0.5204398292	0.8678907752
241	0.520512795	0.8678746447
242	0.5205537001	0.8678579322
243	0.5205669666	0.867820242
244	0.5205338003	0.8678048124
245	0.5205735999	0.867785071
246	0.520590183	0.8677583772
247	0.5206786264	0.8677110706
248	0.5206775209	0.8676879627
249	0.5206576211	0.8676383241
250	0.5206565156	0.8676196205
251	0.5206565156	0.867600811
252	0.5206344047	0.8675800391
253	0.5207084761	0.8675678843
254	0.5207051595	0.8675420694
255	0.5208179248	0.8675134471
256	0.520873202	0.867491126
257	0.5208975239	0.8674707501
258	0.5209516955	0.8674504868
259	0.5209815452	0.8674300892
260	0.5209981283	0.8673950583
261	0.5209903895	0.8673727117
262	0.5210113948	0.8673460461
263	0.52104235	0.8673185627
264	0.521054511	0.8672982973
265	0.5211142103	0.86728132
266	0.5210987327	0.8672664035
267	0.5211407433	0.8672472886
268	0.5211915983	0.8672146972
269	0.5211904928	0.8671959404
270	0.5211838595	0.8671657154
271	0.5212325034	0.8671290974
272	0.5212888861	0.8671021295
273	0.52133753	0.8670584567
274	0.5213496909	0.8670356741
275	0.5213883849	0.8670182491
276	0.5214591397	0.8669864283
277	0.5214768284	0.8669619905
278	0.5214989392	0.8669403649
279	0.5215431609	0.8669191193
280	0.5215464776	0.8669004943
281	0.521569694	0.8668837824
282	0.5216105991	0.8668617764
283	0.5216238656	0.8668431861
284	0.5216293933	0.866821841
285	0.5216769316	0.8667939682
286	0.5217454753	0.8667786162
287	0.5217686917	0.8667557378
288	0.52181623	0.8667261008
289	0.5217941192	0.8666998568
290	0.5218493963	0.8666776937
291	0.5218560296	0.8666546499
292	0.5218626628	0.8666247738
293	0.5218947236	0.8665801993
294	0.5219455785	0.8665581616
295	0.5219654783	0.8665328473
296	0.5219577395	0.8665110623
297	0.522048394	0.8664854043
298	0.5220572384	0.8664677086
299	0.5220627661	0.8664487267
300	0.5221025656	0.8664263928
301	0.5221003545	0.8663831264
302	0.5221047767	0.8663614505
303	0.5221213599	0.8663431242
304	0.5221567372	0.8663255388
305	0.5222053811	0.8663018053
306	0.5222109088	0.8662640315
307	0.5222175421	0.8662475993
308	0.5222772414	0.8662299728
309	0.5223612627	0.8662053206
310	0.5224275952	0.8661850303
311	0.5224076955	0.8661684572
312	0.5224651837	0.8661489566
313	0.5224839779	0.866129499
314	0.5225845823	0.8661039587
315	0.5225945322	0.8660828496
316	0.5225934267	0.8660713334
317	0.5225801601	0.8660138651
318	0.5226663925	0.8659981448
319	0.5226663925	0.8659756411
320	0.5227725246	0.86595357
321	0.5228145352	0.865938693
322	0.5228764456	0.8659007743
323	0.5228908177	0.8658821911
324	0.5228653902	0.8658583648
325	0.5228786567	0.8658392846
326	0.522911823	0.8658173522
327	0.5229328283	0.8658007998
328	0.5229682057	0.8657803329
329	0.522974839	0.865757447
330	0.522950517	0.8657444269
331	0.523054438	0.8657210842
332	0.5230312216	0.8656774066
333	0.5230422771	0.8656393913
334	0.523066599	0.8656192204
335	0.5231185595	0.8655997977
336	0.5232169528	0.8655715539
337	0.5232136362	0.8655575173
338	0.5232523302	0.8655313756
339	0.5232390637	0.8655153846
340	0.5232313249	0.8654964271
341	0.5232943408	0.8654786118
342	0.523349618	0.865454039
343	0.5233308238	0.8654337023
344	0.5234159506	0.8654093537
345	0.523441378	0.8653464919
346	0.523492233	0.8653262154
347	0.523555249	0.8653061185
348	0.5236226871	0.8652886832
349	0.5236436924	0.8652714702
350	0.5236536423	0.8652320051
351	0.5236691199	0.865219008
352	0.5236890196	0.8651710788
353	0.523736558	0.865156555
354	0.5237564578	0.8651369423
355	0.5238117349	0.8651187919
356	0.5238515344	0.8651005844
357	0.5238504289	0.8650834305
358	0.5238194737	0.8650651732
359	0.5238449012	0.8650482433
360	0.5238570622	0.865029511
361	0.523905706	0.8650149921
362	0.5239311335	0.8650002579
363	0.5238902284	0.8649858575
364	0.5239222892	0.8649682798
365	0.5239985716	0.8649488049
366	0.5240184714	0.864934708
367	0.5240317379	0.8649224066
368	0.5240571654	0.8649025977
369	0.5240472155	0.8648895451
370	0.5240483211	0.8648706433
371	0.5241058093	0.8648482834
372	0.524111337	0.8648233299
373	0.5241433978	0.8648111967
374	0.5241544532	0.8647939598
375	0.5242218913	0.8647775486
376	0.52423958	0.8647630303
377	0.5242838017	0.8647469541
378	0.5242871183	0.8647244381
379	0.5242484243	0.8647064859
380	0.5242417911	0.8646916288
381	0.5243114403	0.8646602245
382	0.5242937516	0.8646513856
383	0.5243611897	0.8646286221
384	0.5243976726	0.8646104956
385	0.5244186779	0.8645891232
386	0.5243921449	0.8645384424
387	0.5244374722	0.8645166477
388	0.5244485276	0.8645000818
389	0.5244673218	0.8644858911
390	0.5244905382	0.8644726617
391	0.5245082269	0.8644370969
392	0.5245778761	0.8644109162
393	0.5245988814	0.8643953164
394	0.5245988814	0.8643831326
395	0.5246442087	0.8643632685
396	0.5246519475	0.8643481307
397	0.5247370743	0.8643305552
398	0.5247658184	0.86431547
399	0.5247702406	0.8643002521
400	0.5248144623	0.8642847195
401	0.524832151	0.864269105
402	0.5248409953	0.8642441499
403	0.5248741616	0.864232585
404	0.524870845	0.8642182146
405	0.5248995891	0.8641825063
406	0.5249371775	0.8641620602
407	0.5249161722	0.8641494212
408	0.5249283332	0.8641353808
409	0.5249371775	0.8641211154
410	0.5249603939	0.8641034345
411	0.5249614995	0.8640855215
412	0.5250001935	0.8640701069
413	0.5250543651	0.8640568737
414	0.5250477318	0.8640396547
415	0.5250234099	0.8640183507
416	0.5250178822	0.8640048532
417	0.5250433096	0.8639894801
418	0.5250145655	0.8639795872
419	0.5250189877	0.8639663984
420	0.5250598928	0.8639553455
421	0.5250797926	0.8639363216
422	0.5251007979	0.8639193017
423	0.525129542	0.8639063364
424	0.5252257242	0.8638848818
425	0.5252113522	0.8638693853
426	0.5252356741	0.8638545494
427	0.525272157	0.8638384721
428	0.5252942679	0.8638262724
429	0.525296479	0.8638112611
430	0.5253849224	0.863795648
431	0.5253849224	0.8637829221
432	0.5253407007	0.8637728934
433	0.5253992944	0.8637529493
434	0.5253849224	0.8637404642
435	0.5254214053	0.86372489
436	0.5254413051	0.8637104521
437	0.5254291441	0.8636858356
438	0.5254578882	0.8636735686
439	0.5254545716	0.863663106
440	0.5254523605	0.8636459427
441	0.5255021099	0.8636340775
442	0.5254965822	0.8636199491
443	0.5255098487	0.8636079779
444	0.5255330651	0.8635951898
445	0.5254822102	0.8635784433
446	0.5255374873	0.8635616252
447	0.5255419095	0.8635442208
448	0.5255518594	0.8635340643
449	0.5256016088	0.8635197734
450	0.5255916589	0.863508029
451	0.5256270363	0.8634916355
452	0.5256380917	0.8634813439
453	0.5256812079	0.8634648397
454	0.5256955799	0.8634408153
455	0.5257541737	0.8634249948
456	0.5257552792	0.8634100295
457	0.5257707568	0.8633959275
458	0.5257851289	0.8633840911
459	0.5258348783	0.863369641
460	0.5258713612	0.8633517123
461	0.5258603058	0.8633208196
462	0.5259089497	0.8633010306
463	0.5259443271	0.8632821024
464	0.5259089497	0.8632652938
465	0.5259233218	0.8632512829
466	0.5259432215	0.863231144
467	0.5259354827	0.863215555
468	0.5259122663	0.8632038846
469	0.5259233218	0.8631943695
470	0.5259520659	0.86318205
471	0.5260294539	0.8631719087
472	0.5260272428	0.8631584928
473	0.5260913643	0.8631378281
474	0.5260869421	0.8631265124
475	0.5260924698	0.8631078994
476	0.5261013142	0.8630978369
477	0.5261466414	0.8630860906
478	0.5261521691	0.8630747904
479	0.5262096574	0.8630627525
480	0.5262295571	0.863054734
481	0.5262693567	0.8630391276
482	0.5263279504	0.8630195399
483	0.5263489558	0.8630074566
484	0.526379911	0.8629918422
485	0.526379911	0.8629742744
486	0.5263920719	0.8629557576
487	0.5264197105	0.8629329042
488	0.5264020218	0.8629211255
489	0.5264141828	0.8629072091
490	0.5263987052	0.86289051
491	0.5264340826	0.8628793984
492	0.5264274493	0.8628655275
493	0.5264661433	0.8628526757
494	0.5264683544	0.8628374227
495	0.5265169983	0.8628252215
496	0.5265402147	0.8628112669
497	0.5265324759	0.8627942006
498	0.5265932807	0.8627854448
499	0.5266220248	0.8627696339
